Date:,Material,Threshold Power,Power (Deposition),Rate,Thickness (nm),Crystal Monitor %
12/24/2022,Silver,70.00%,40.00%,1,100nm,83%
01/04/2023,Gold,45.00%,49.70%,1,60nm,96.87%
01/04/2023,Gold,34.00%,48.00%,0.5,110nm,95.28%
01/05/2023,Gold,31.60%,43.00%,0.2,40nm,n/a
01/05/2023,Chromium ,7.00%,9.20%,0.5,10nm,94.74%
01/05/2023,Chromium ,5.00%,7.00%,0.2,10nm,n/a
01/05/2023,Gold,30.00%,40.00%,0.5,35nm,93%
01/10/2023,Chromium ,8.00%,9.00%,0.2,20nm,n/a
01/10/2023,Gold,42.00%,42.00%,0.08,40nm,n/a
01/10/2023,Titanium,16.00%,17.00%,0.1,1nm,n/a
01/10/2023,Gold,36.10%,48.00%,0.1,6nm,n/a
01/10/2023,Titanium,16.80%,26.80%,0.38,4nm,n/a
01/10/2023,Gold,35.00%,48.60%,0.85,46nm,n/a
01/10/2023,Silver,8.50%,11.00%,0.3,100nm,91.16%
01/11/2023,Chromium ,7.00%,10.00%,0.5,30nm,n/a
01/11/2023,Gold,40.00%,55.00%,1,60nm,90.60%
01/17/2023,Silicon Dioxide,3.00%,3.40%,0.2,50nm,89.76%
01/18/2023,Gold,52.00%,52.00%,1,60nm,90.6
01/18/2023,Silver,9.00%,15.60%,0.45,50nm,88.29%
01/18/2023,Titanium,13.60%,n/a,n/a,n/a,n/a
01/19/2023,Silicon Dioxide,3.00%,4.40%,0.3,70nm,88.28%
01/19/2023,Chromium ,7.00%,10.00%,0.5,20nm,n/a
01/22/2023,Chromium ,3.00%,8.00%,0.5,30nm,98.42%
01/22/2023,Gold,40.00%,46.80%,1,60nm,97.23%
01/22/2023,Chromium ,8.00%,14.90%,0.5,20nm,97%
01/22/2023,Gold,38.00%,48.00%,1.5,150nm,94.99%
01/23/2023,Silver,8.50%,23.00%,0.21,10nm,94.80%
01/23/2023,Chromium ,3.90%,12.10%,1,10nm,93.90%
01/23/2023,Gold,39.00%,48.60%,1.5,60nm,93.16%
01/24/2023,Chromium ,9.50%,11.00%,0.3,5nm,93.08%
01/24/2023,Gold,36.50%,45.00%,0.75,45nm,92.42%
01/24/2023,Gold,n/a,47.00%,1.00%,60nm,n/a
01/24/2023,Chromium ,n/a,13.70%,0.50%,30nm,n/a
01/25/2023,Silver,13.00%,16.70%,0.2,100nm,n/a
01/25/2023,Gold,36.50%,45.50%,0.8,45nm,89.45%
01/25/2023,Chromium ,10.50%,12.20%,0.3,10nm,89.36%
01/25/2023,Titanium,<5%,21.00%,0.2,10nm,n/a
01/25/2023,Gold,40.00%,57.00%,0.6,50nm,88.18%
01/26/2023,Gold,39.10%,46.00%,0.12,50nm,88.17%
01/27/2023,Silver,13.40%,29.00%,0.5,100nm,86.80%
01/28/2023,Titanium,14.50%,19.90%,0.1,1nm,n/a
01/28/2023,Gold,36.30%,46.00%,0.1,6nm,86.70%
01/28/2023,Chromium ,n/a,9.00%,0.4,5nm,n/a
01/28/2023,Gold,n/a,41.00%,0.5,50nm,n/a
01/30/2023,Chromium ,10.00%,13.00%,0.8,3nm,n/a
01/30/2023,Gold,39.00%,45.00%,0.66,20nm,n/a
01/30/2023,Chromium ,11.00%,12.50%,0.8,3nm,n/a
01/30/2023,Gold,35.00%,44.00%,0.58,20nm,n/a
01/30/2023,Gold,20.00%,57.00%,1,60nm,n/a
01/31/2023,Chromium ,10.00%,18.10%,1.2,70nm,n/a
01/31/2023,Gold,39.00%,45.00%,0.9,60nm,n/a
02/01/2023,Gold,31.10%,44.10%,0.48,10nm,82.24%
02/01/2023,Gold,31.10%,44.10%,0.48,10nm,98.36%
02/03/2023,Silver,4.70%,34.20%,0.5,100nm,96.33%
02/05/2023,Gold,33.00%,48.60%,1,30nm,95.40%
02/05/2023,Gold,30.00%,50.50%,1.6,76nm,94.80%
02/07/2023,Titanium,11.40%,13.00%,0.2,2nm,85.37%
02/07/2023,Gold,30.00%,40.00%,0.25,75nm,85.09%
02/07/2023,Silver,20.00%,40.00%,0.5,100nm,83.60%
02/08/2023,Gold,30.00%,46.00%,0.71,75nm,82.48%
02/08/2023,Chromium ,4.00%,5.50%,0.4,15nm,82.29%
02/08/2023,Gold,32.00%,44.00%,0.6,45nm,81.68%
02/08/2023,Chromium ,10.00%,10.00%,0.01,10nm,81.58%
02/08/2023,Gold,32.00%,43.00%,0.1,20nm,81.28%
02/10/2023,Chromium ,3.30%,3.70%,0.3,5nm,81.28%
02/10/2023,Gold,34.00%,44.50%,0.6,30nm,80.87%
02/10/2023,Titanium,11.00%,17.00%,0.4,3nm,80.48%
02/10/2023,Gold,30.00%,45.00%,0.7,7nm,80.36%
02/14/2023,Chromium ,3.60%,5.00%,0.35,10nm,80.57%
02/14/2023,Gold,31.00%,43.00%,0.37,100nm,79.36%
02/14/2023,Titanium,12.00%,17.30%,0.3,10nm,79.29%
02/14/2023,Gold,31.00%,46.40%,1,60nm,78.45%
02/15/2023,Titanium,11.00%,17.00%,0.36,10nm,78.41%
02/15/2023,Gold,31.00%,45.00%,0.56,100nm,77.20%
02/16/2023,Gold,31.00%,46.30%,1,60nm,76.04%
02/16/2023,Gold,33.00%,46.20%,1,60nm,75.26%
02/16/2023,Chromium ,6.00%,9.00%,0.5,3nm,75.21%
02/16/2023,Gold,34.50%,43.00%,0.48,20nm,74.97%
02/16/2023,Chromium ,9.00%,11.00%,0.45,3nm,74.93%
02/16/2023,Gold,40.00%,45.00%,0.65,20nm,74.67%
02/16/2023,Chromium ,6.00%,9.00%,0.5,20nm,74.32%
02/16/2023,Chromium ,11.00%,14.00%,0.3,5nm,74.27%
02/16/2023,Gold,40.00%,45.00%,0.6,30nm,73.92%
02/21/2023,Gold,36.00%,49.10%,1,60nm,97.37%
02/21/2023,Titanium,10.00%,14.70%,0.3,10nm,n/a
02/21/2023,Platinum ,10.00%,43.00%,1,100nm,95.54%
02/22/2023,Titanium,10.00%,15.00%,0.3,3nm,n/a
02/22/2023,Gold,30.00%,43.00%,0.35,7nm,95.36%
02/22/2023,Gold,30.00%,43.00%,0.37,5nm,95.29%
02/22/2023,Chromium ,6.00%,12.00%,0.35,5nm,95.04%
02/22/2023,Gold,30.00%,40.00%,0.11,20nm,95.04%
02/22/2023,Chromium ,14.00%,14.00%,0.27,5nm,94.74%
02/22/2023,Gold,35.00%,40.00%,0.25,20nm,94.74%
02/22/2023,Chromium ,10.00%,15.00%,0.5,7nm,93%
02/22/2023,Gold,30.00%,40.00%,0.65,35nm,93%
02/23/2023,Chromium ,9.00%,10.00%,0.12,5nm,93.78%
02/23/2023,Gold,38.00%,41.00%,0.1,20nm,93.78%
02/24/2023,Chromium ,12.00%,15.00%,0.3,5nm,93.67%
02/24/2023,Titanium,11.00%,15.00%,0.35,3nm,93.60%
02/24/2023,Gold,35.00%,43.00%,0.41,7nm,93.54%
02/24/2023,Gold,35.00%,45.00%,0.8,30nm,93.45%
02/24/2023,Chromium ,12.00%,18.00%,0.5,10nm,93.20%
02/24/2023,Gold,32.00%,45.00%,1,100nm,91.30%
02/24/2023,Chromium ,15.00%,22.00%,0.3,5nm,91.25%
02/24/2023,Gold,32.00%,44.00%,0.8,35nm,90.76%
02/25/2023,Gold,32.00%,44.00%,1,60nm,89.94%
02/27/2023,Chromium ,19.00%,26.00%,0.3,3nm,89.82%
02/27/2023,Gold,32.00%,43.30%,0.65,20nm,89.62%
02/27/2023,Chromium ,20.00%,27.00%,0.34,3nm,89.58%
02/27/2023,Gold,35.00%,44.00%,0.7,20nm,89.30%
02/27/2023,Chromium ,19.00%,26.00%,0.38,3nm,89.26%
02/27/2023,Silicon Dioxide,1.20%,1.50%,0.45,1nm,89.25%
02/28/2023,Titanium,11.00%,13.50%,0.3,3nm,89.23%
02/28/2023,Gold,30.00%,41.00%,0.3,7nm,89.11%
02/28/2023,Titanium,13.00%,13.40%,0.3,10nm,89.05%
02/28/2023,Platinum ,50.00%,80.00%,1.15,100nm,87.28%
03/01/2023,Chromium ,10.00%,19.00%,0.16,5nm,87.05%
03/01/2023,Gold,35.00%,43.80%,0.48,15nm,87.05%
03/01/2023,Chromium ,16.00%,21.00%,0.13,5nm,86.79%
03/01/2023,Gold,37.00%,44.00%,0.33,15nm,86.79%
03/01/2023,Chromium ,19.00%,24.00%,0.13,5nm,86.50%
03/01/2023,Gold,37.00%,42.00%,0.25,15nm,86.50%
03/02/2023,Titanium,11.00%,13.70%,0.3,10nm,84.50%
03/02/2023,Platinum ,50.00%,76.70%,1,100nm,84.51%
03/02/2023,Chromium ,18.50%,22.00%,0.3,5nm,84.46%
03/02/2023,Platinum ,56.00%,70.00%,0.4,30nm,83.62%
03/02/2023,Gold,37.00%,43.00%,0.4,40nm,83.12%
03/03/2023,Gold,35.00%,46.20%,1,120nm,81.57%
03/03/2023,Chromium ,18.50%,23.00%,0.22,5nm,81.37%
03/03/2023,Gold,35.70%,45.00%,0.38,15nm,81.37%
03/03/2023,Chromium ,19.00%,24.50%,0.3,5nm,81.32%
03/03/2023,Platinum ,56.00%,72.00%,0.5,25nm,80.95%
03/03/2023,Gold,35.00%,43.50%,0.45,20nm,80.69%
03/06/2023,Chromium ,18.00%,25.00%,0.2,5nm,80.63%
03/06/2023,Platinum ,60.00%,70.00%,0.55,25nm,80.22%
03/06/2023,Gold,26.00%,45.00%,0.7,20nm,79.77%
03/07/2023,Chromium ,9.50%,10.50%,0.3,5nm,79.60%
03/07/2023,Platinum ,67.00%,78.00%,0.2,45nm,78.89%
03/07/2023,Chromium ,9.50%,12.00%,0.3,5nm,78.86%
03/07/2023,Gold,36.00%,48.50%,0.7,30nm,78.46%
03/08/2023,Titanium,10.00%,18.00%,0.5,10nm,77%
03/08/2023,Gold,34.00%,44.00%,0.5,100nm,75.84%
03/08/2023,Gold,34.00%,44.00%,1,60nm,75.02%
03/09/2023,Chromium ,14.00%,15.00%,0.3,5nm,74.30%
03/10/2023,Titanium,18.00%,20.00%,0.3,3nm,74.26%
03/10/2023,Gold,34.00%,43.00%,0.32,7nm,74.13%
03/13/2023,Platinum ,60.00%,75.00%,0.25,30nm,97.73%
03/14/2023,Gold,50.00%,60.00%,0.5,20nm,n/a
03/15/2023,Titanium,20.00%,28.00%,0.35,10nm,n/a
03/15/2023,Gold,41.00%,56.00%,0.4,100nm,96.02%
03/15/2023,Silver,41.00%,56.50%,0.2,60nm,95.48%
03/16/2023,Titanium,15.00%,22.00%,0.3,3nm,95.45%
03/16/2023,Gold,33.00%,46.50%,0.31,7nm,95.30%
03/16/2023,Gold,33.00%,46.00%,0.33,20nm,95.05%
03/16/2023,Platinum ,130ma?,80ma?,0.28,20nm,94.65%
03/16/2023,Gold,33.00%,49.00%,0.51,30nm,n/a
03/17/2023,Silver,43.00%,60.00%,0.2,50nm,93.89%
03/17/2023,Gold,35.00%,49.80%,1,60nm,92.34%
03/23/2023,Chromium ,9.00%,10.50%,0.35,5nm,96.21%
03/23/2023,Gold,45.00%,55.00%,0.5,50nm,95.52%
03/23/2023,Chromium ,9.00%,13.39%,0.5,2nm,95.51%
03/23/2023,Gold,32.00%,55.00%,1.17,188nm,93.00%
03/24/2023,Chromium ,12.50%,14.50%,0.5,2nm,n/a
03/24/2023,Gold,40.00%,50.00%,0.8,50nm,92.20%
03/26/2023,Chromium ,4.00%,6.00%,0.35,3nm,n/a
03/26/2023,Gold,39.00%,46.00%,0.5,25nm,n/a
03/27/2023,Chromium ,4.00%,11.80%,0.5,2nm,n/a
03/27/2023,Gold,34.00%,52.00%,1,100nm,90.30%
03/28/2023,Gold,39.00%,53.00%,23,20nm,89.49%
03/28/2023,Gold,39.00%,55.00%,0.35,35nm,89.33%
03/29/2023,Chromium ,11.00%,13.50%,0.3,5nm,88.78%
03/29/2023,Gold,40.00%,55.00%,0.4,50nm,88.16%
04/03/2023,Chromium ,17.10%,19.00%,0.6,3nm,97.35%
04/03/2023,Gold,31.10%,66.00%,0.4,20nm,97.03%
04/03/2023,Chromium ,8.00%,11.00%,0.5,3nm,96.99%
04/03/2023,Gold,51.00%,67.00%,0.6,20nm,96.71%
04/03/2023,Platinum ,47.00%,79.00%,0.04,9nm,96.52%
04/03/2023,Gold,110ma?,165ma,0.45,30nm,95.99%
04/03/2023,Gold,n/a,57.00%,0.27,25nm,95.60%
04/04/2023,Chromium ,13.50%,14.00%,0.3,5nm,95.52%
04/04/2023,Platinum ,165ma,175ma,0.15,30nm,95.07%
04/04/2023,Chromium ,n/a,17.00%,0.17,75nm,n/a
04/04/2023,Gold,45.00%,57.00%,0.25,50nm,94.97%
04/05/2023,Gold,45.00%,72.50%,0.45,200nm,91.73%
04/06/2023,Titanium,16.00%,18.20%,0.55,10nm,91.61%
04/06/2023,Gold,39.00%,51.80%,0.5,90nm,90.45%
04/06/2023,Chromium ,9.00%,11.50%,0.35,5nm,89.14%
04/06/2023,Gold,36.00%,50.00%,0.34,50nm,88.49%
04/08/2023,Gold,34.00%,52.00%,1,60nm,97.55%
04/10/2023,Gold,43.00%,62.00%,0.4,40nm,96.99%
04/10/2023,Titanium,20.00%,34.00%,0.45,20.5nm,96.73%
04/10/2023,Gold,42.00%,59.00%,0.22,20nm,96.37%
04/11/2023,Gold,43.00%,65.00%,0.46,143nm,94.30%
04/11/2023,Silver,10.00%,14.00%,0.6,100nm,93.58%
04/11/2023,Gold,44.00%,61.00%,0.3,25nm,93.23%
04/12/2023,Chromium,10.00%,15.00%,0.13,7.50,93.17%
04/12/2023,Gold,44.60%,55.00%,0.1,50nm,92.55%
04/12/2023,Silver,13.10%,14.20%,0.6,100nm,91.80%
04/12/2023,Chromium,10.50%,13.00%,0.2,5nm,91.79%
04/12/2023,Platinum,170ma,190ma,0.1,32nm,91.31%
04/12/2023,Gold,42.00%,64.00%,0.4,50nm,90.65%
04/13/2023,Titanium,25.00%,30.00%,0.27,3nm,90.64%
04/13/2023,Gold,40.00%,60.00%,0.33,7nm,90.50%
04/13/2023,Gold,45.00%,63.00%,0.1,60nm,88.42%
04/14/2023,Titanium,3.00%,37.90%,1,15nm,88.34%
04/14/2023,Gold,46.40%,69.00%,0.6,140nm,86.61%
04/14/2023,Titanium,20.00%,32.60%,0.33,10nm,86.35%
04/14/2023,Platinum,72.00%,88.00%,0.03,2.4nm,n/a
04/15/2023,Chromium,14.00%,77.00%,1,15nm,83.64%
04/15/2023,Gold,48.00%,68.50%,0.8,50nm,82.96%
04/16/2023,Gold,42.00%,65.00%,0.45,137nm,81.06%
04/16/2023,Gold,45.00%,68.00%,1,60nm,80.24%
04/18/2023,Gold,39.00%,57.50%,0.3,25nm,97.98%
04/19/2023,Platinum,58.00%,68.00%,0.04,2.2nm,97.80%
04/20/2023,Gold,38.00%,59.00%,0.4,100nm,96.37%
04/20/2023,Silver,10.00%,20.00%,2.6,100nm,95.50%
04/20/2023,Gold,40.00%,63.00%,1,60nm,94.00%
04/20/2023,Chromium,10.00%,20.00%,0.39,5nm,94.50%
04/20/2023,Gold,45.00%,63.00%,0.89,45nm,93.86%
04/20/2023,Chromium,15.00%,20.00%,0.33,5nm,93.84%
04/20/2023,Gold,38.00%,55.00%,0.42,45nm,93.26%
04/21/2023,Chromium,18.00%,21.00%,0.5,1nm,93.18%
04/21/2023,Gold,40.00%,56.00%,0.5,40nm,92.59%
04/22/2023,Gold,38.00%,58.00%,0.45,123nm,90.80%
04/25/2023,Titanium,16.00%,23.00%,0,3nm,89.46%
04/25/2023,Gold,40.00%,47.00%,0.3,7nm,89.35%
04/25/2023,Titanium,16.00%,22.00%,0.3,10nm,89.31%
04/25/2023,Gold,40.00%,62.00%,0.22,25nm,88.97%
04/25/2023,Gold,100ma,115ma,0.69,30nm,88.50%
04/25/2023,Gold,100ma,135ma,1.6,800nm,77.78%
04/25/2023,Titanium,13.60%,18.00%,0.3,10nm,n/a
04/25/2023,Gold,38.00%,56.00%,1,90nm,n/a
04/26/2023,Gold,100ma,130ma,1,60nm,75.19%
04/26/2023,Titanium,16.00%,17.00%,0.3,10nm,75.15%
04/26/2023,Gold,40.00%,53.00%,1,70nm,74.05%
04/26/2023,Chromium,30ma,35ma,0.25,5nm,73.99%
04/26/2023,Platinum,125ma,165ma,0.2,35nm,73.50%
04/27/2023,Chromium,15.00%,20.00%,1.07,100nm,72.69%
04/27/2023,Gold,42.00%,63.00%,0.3,80nm,71.62%
04/27/2023,Silver,20.00%,23.00%,0.8,100nm,70.60%
04/27/2023,Chromium,15.00%,25.00%,0.8,5nm,70.47%
04/27/2023,Silver,22.50%,23.00%,1,25nm,n/a
04/27/2023,Silver,22.90%,230ma,0.3,10nm,70.50%
04/27/2023,Titanium,16.00%,26.00%,0.3,10nm,69.09%
04/27/2023,Gold,38.00%,55.00%,1,70nm,n/a
04/27/2023,Chromium,15.00%,18.00%,0.26,5nm,68.45%
04/27/2023,Gold,35.00%,49.00%,0.5,50nm,n/a
05/02/2023,Chromium,10.00%,20.00%,n/a,5nm,98%
05/02/2023,Gold,45.00%,73.00%,n/a,45nm,97.30%
05/03/2023,Chromium,10.00%,14.50%,0.3,5nm,97.58%
05/03/2023,Gold,45.00%,68.00%,0.45,25nm,97.25%
05/03/2023,Titanium,20.00%,26.50%,0.47,30nm,96.93%
05/03/2023,Platinum,130ma,170ma,0.2,35nm,96.10%
05/04/2023,Gold,42.00%,56.00%,1,35nm,96.00%
05/04/2023,Titanium,16.00%,18.30%,0.3,10nm,93.70%
05/04/2023,Platinum,60.00%,81.00%,1,100nm,93.69%
05/05/2023,Gold,39.00%,56.50%,1.03,35nm,96%
05/05/2023,Gold,32.00%,51.00%,0.47,20nm,92.87%
05/05/2023,Gold,36.00%,54.00%,10,35nm,92.29%
05/06/2023,Chromium,11.00%,13.50%,0.27,5nm,92.25%
05/06/2023,Gold,33.00%,52.00%,0.56,50nm,91.61%
05/08/2023,Chromium,20.00%,20.00%,1.15,5nm,91.54%
05/08/2023,Gold,40.00%,59.00%,2,45nm,90.80%
05/08/2023,Gold,32.50%,51.00%,0.48,25nm,90.49%
05/09/2023,Chromium,12.00%,14.00%,0.3,5nm,90.45%
05/09/2023,Gold,33.00%,55.00%,0.72,50nm,89.82%
05/10/2023,Chromium,13.00%,14.00%,0.09,7nm,89.79%
05/10/2023,Gold,35.00%,50.00%,0.52,50nm,89.16%
05/10/2023,Chromium,12.50%,16.00%,0.2,5nm,89.10%
05/10/2023,Gold,32.00%,52.00%,0.46,50nm,88.49%
05/11/2023,Gold,35.00%,54.00%,0.85,35nm,87.95%
05/11/2023,Silver,10.00%,14.50%,0.75,50nm,87.41%
05/17/2023,Gold,36.00%,54.00%,0.9,20nm,87.04%
05/18/2023,Gold,36.00%,52.70%,0.5,20nm,86.76%
05/19/2023,Chromium,17.00%,23.20%,1.43,5nm,88%
05/19/2023,Chromium,17.00%,23.20%,1.43,5nm,85.90%
05/19/2023,Gold,36.00%,60.00%,1.44,45nm,85.90%
05/19/2023,Gold,40.00%,60.00%,1.4,45nm,85.20%
05/22/2023,Silver,10.50%,14.90%,0.74,50nm,84.61%
05/23/2023,Chromium,20.00%,21%%,0.3,36nm,84.31%
05/23/2023,Chromium,20.00%,25.00%,0.4,30nm,84.08%
05/24/2023,Titanium,11.00%,20.50%,0.45,50nm,83.91%
05/25/2023,Titanium,12.00%,22.50%,0.3,10nm,97.96%
05/25/2023,Gold,10.20%,14.50%,0.5,50nm,n/a
05/25/2023,Chromium,23.50%,24-25%,0.3,40nm,97.18%
05/25/2023,Chromium,24.00%,27.00%,0.35,28nm,96.94%
05/25/2023,Chromium,24.00%,29.00%,0%,65nm,96.50%
05/26/2023,Titanium,14.00%,23.00%,0.3,3nm,96.45%
05/26/2023,Gold,35.00%,47.00%,0.3,7nm,96.20%
05/27/2023,Chromium,23.00%,30-40%,0.35,100nm,95.37%
05/30/2023,Chromium,8.00%,12.00%,0.2,5nm,95.29%
05/30/2023,Platinum,40.00%,53.00%,0.2,35nm,94.67%
05/30/2023,Chromium ,24.00%,27.00%,0.75,30nm,94.58%
05/31/2023,Gold,38.00%,52.50%,0.5,20nm,94.28%
05/31/2023,Platinum,57.10%,n/a,n/a,n/a,94.24%
06/01/2023,Titanium,15.00%,31.00%,0.3,50nm,94.07%
06/01/2023,Gold,38.00%,57.00%,0.23,20nm,93.78%
06/01/2023,Gold,39.00%,61.4%-64%,0.5,20nm,93.50%
06/02/2023,Silver,23.00%,15.10%,0.5,50nm,n/a
06/02/2023,Chromium,8.00%,14.00%,0.3,5nm,93.08%
06/02/2023,Gold,38.00%,58.00%,0.5,50nm,92.46%
06/05/2023,Gold,38.00%,50.00%,0.25,25nm,92.12%
06/05/2023,Chromium,8.00%,14.00%,0.3,25nm,90.02%
06/05/2023,Gold,36.00%,54%-56.4%,0.5,20nm,91.76%
06/06/2023,Gold,38.00%,52.00%,0.35,25nm,91.44%
06/06/2023,Gold,36.00%,58.50%,0.51,50nm,90.48%
06/07/2023,Titanium,15.00%,26.00%,0.3,10nm,90.43%
06/08/2023,Chromium,14.00%,32.00%,0.35,100nm,89.85%
06/08/2023,Chromium,10.00%,18.00%,0.5,5nm,89.76%
06/08/2023,Gold,38.00%,60.00%,0.43,45nm,89.20%
06/09/2023,Chromium,22.00%,33.00%,0.94,30nm,89.08%
06/09/2023,Gold,35.00%,47.70%,1,60nm,88.20%
06/13/2023,Titanium,14.00%,26.00%,0.3,45nm,88.03%
06/13/2023,Chromium,25.00%,34.00%,1.01,100nm,87.72%
06/15/2023,Chromium,25.00%,34.00%,0.62,20nm,97.58%
06/15/2023,Gold,39.00%,56.00%,0.52,160nm,85.60%
06/16/2023,Titanium,15.00%,27.00%,0.35,45nm,85.48%
06/16/2023,Silicon Dioxide ,0.40%,2.20%,0.57,100nm,85.27%
06/17/2023,Chromium,5.00%,9.00%,0.5,30nm,85.17%
06/17/2023,Gold,45.00%,55.00%,1,60nm,84.36%
06/21/2023,Chromium,2.40%,11.50%,0.5,10nm,97.41%
06/21/2023,Gold,43.00%,53.00%,0.3,100nm,96.15%
06/22/2023,Chromium,7.50%,12.00%,0.37,5nm,n/a
06/22/2023,Platinum,50.00%,70.00%,0.23,35nm,95.42%
06/25/2023,Gold,55.00%,75.00%,0.35,20nm,95.12%
06/25/2023,Chromium,<5%,5.00%,0.2-0.3,20nm,94.95%
06/26/2023,Titanium,15.00%,29.00%,0.3,50nm,94.88%
06/27/2023,Silver,24.00%,19.00%,0.7,50nm,94.46%
06/27/2023,Chromium,4.00%,2.00%,0.23,5nm,94.32%
06/27/2023,Gold,60.00%,75.00%,0.2,5nm,93.70%
06/30/2023,Titanium,14.00%,24.00%,0.34,30nm,93.52%
07/02/2023,Platinum,40.00%,58.00%,0.3,35nm,92.10%
07/03/2023,Chromium,5.00%,8.40%,0.25,5nm,92.09%
07/03/2023,Gold,52.00%,65.00%,0.4,50nm,91.38%
07/05/2023,Chromium,10.00%,13.00%,0.3,22nm,91.09%
07/05/2023,Chromium,10.00%,13.00%,0.2-0.4,150nm,90.80%
07/05/2023,Chromium,15.00%,18.00%,0.2,5nm,90.64%
07/05/2023,Gold,49.00%,64.00%,0.4,50nm,90.00%
07/06/2023,Chromium,14.50%,18.50%,0.25,5nm,n/a
07/06/2023,Gold,50.00%,64.00%,0.4,50nm,89.36%
07/10/2023,Chromium,14.00%,18.00%,0.3,25nm,89.24%
07/10/2023,Gold,43.00%,130ma,0.9,60nm,88.34%
07/11/2023,Chromium,14.00%,19.50%,0.2,10nm,88.28%
07/11/2023,Gold,42.00%,62.50%,0.4,50nm,87.69%
07/11/2023,Chromium,15.00%,29.00%,1,150nm,87.23%
07/12/2023,Silver,11.00%,15.00%,0.6,100nm,86.38%
07/13/2023,Gold,43.00%,62.50%,0.5,35nm,86.00%
07/13/2023,Chromium,18.00%,31.00%,1.56,30nm,85.87%
07/13/2023,Chromium,15.00%,25.00%,0.15,5nm,85.77%
07/13/2023,Gold,44.00%,63.00%,0.4,50nm,85.17%
07/13/2023,Platinum,40.00%,56.00%,0.2,40nm,84.54%
07/16/2023,Chromium,17.00%,30.00%,1,45nm,crystal failed
07/20/2023,Gold,39.00%,50.00%,0.3,22nm,97.74%
07/21/2023,Silver,24.00%,15.00%,0.7,60nm,96.00%
07/21/2023,Chromium,5.00%,7.00%,0.3,150nm,96.00%
07/21/2023,Chromium,8.00%,10.50%,0,10nm,96.00%
07/21/2023,Gold,39.00%,57.50%,0.45,50nm,95.40%
07/22/2023,Chromium,7.60%,10.00%,0.13,20nm,95.33%
07/24/2023,Titanium,23.00%,29.50%,0.41,10nm,n/a
07/24/2023,Gold,45.00%,60.00%,0.53,100nm,93.90%
07/24/2023,Chromium,8.00%,11.50%,0.3,5nm,n/a
07/24/2023,Gold,44.00%,54.00%,0.3,50nm,93.10%
07/25/2023,Titanium,19.00%,34.50%,0.56,20nm,92.89%
07/25/2023,Silver,13.00%,15.00%,0.64,100nm,91.96%
07/26/2023,Gold,44.00%,61.50%,1,60nm,91.12%
07/26/2023,Silver,22.00%,14-17%,0.54,100nm,89.44%
07/26/2023,Silver,27.00%,17.00%,1.3,38nm,88.74%
07/26/2023,Titanium,23.00%,27.00%,0.3,5nm,n/a
07/26/2023,Platinum,10ma%,35ma%,0.15,35nm,88.07%
07/26/2023,Titanium,23.00%,33.00%,0.5,30nm,87.92%
07/26/2023,Gold,46.00%,59.50%,0.5,30nm,87.55%
07/27/2023,Silver,21.00%,17.00%,0.83,38nm,87.27%
07/31/2023,Gold,48.00%,64.00%,0.3,20nm,98.04%
08/01/2023,Titanium,15.00%,24.50%,0.4,10nm,n/a
08/01/2023,Gold,43.00%,65.00%,0.43,100nm,86.41%
08/01/2023,Chromium,3.00%,6.00%,0.35,5nm,96.38%
08/01/2023,Titanium,15.00%,26.00%,0.5,25nm,96.20%
08/01/2023,Gold,45.00%,64.00%,0.4,25nm,95.90%
08/02/2023,Silver,21.00%,15.40%,0.5,50nm,95.24%
08/02/2023,Chromium,6.00%,10.00%,0.5,30nm,95.12%
08/03/2023,Chromium,8.00%,10.50%,0.40-0.3,32nm,95.00%
08/03/2023,Chromium,5.00%,37.50%,1.4-0.7,800nm,n/a
08/03/2023,Chromium,5.00%,45.00%,2.4,120nm,n/a
08/03/2023,Chromium,5.00%,48.00%,3.5,120nm,n/a
08/03/2023,Chromium,5.00%,57.00%,4.9,210nm,91.73%
08/03/2023,Chromium,5.00%,48.00%,3.3,100nm,91.55%
08/03/2023,Chromium,5.00%,45.00%,2.2,80nm,91.36%
08/03/2023,Chromium,7.30%,13.30%,0.5,80nm,91.02%
08/04/2023,Chromium,12.00%,15.00%,0.5,10nm,90.86%
08/04/2023,Gold,40.00%,68.30%,0.5,50nm,90.20%
08/04/2023,Chromium,12.00%,15.00%,0.5,15nm,90.21%
08/04/2023,Gold,40.00%,68.90%,1,60nm,89.49%
08/04/2023,Chromium,12.00%,15.40%,0.5,25nm,89.32%
08/04/2023,Gold,40.00%,68.50%,0.6,125nm,87.74%
08/07/2023,Silver,15.00%,0.15%,0.38,38nm,87.46%
08/07/2023,Chromium,12.00%,17.00%,0.97,30nm,87.34%
08/08/2023,Gold,43.00%,60.00%,0.3,15nm,87.14%
08/09/2023,Titanium,17.00%,22.00%,0.17,2nm,87.09%
08/09/2023,Gold,41.00%,66.00%,0.5,100nm,85.41%
08/10/2023,Chromium,12.00%,16.20%,0.5,10nm,85.35%
08/10/2023,Gold,41.00%,64.40%,0.5,50nm,85.23%
08/10/2023,Chromium,12.00%,15.50%,0.3,5nm,84.67%
08/10/2023,Titanium,18.00%,30.00%,0.8,25nm,84.58%
08/10/2023,Gold,42.00%,68.50%,0.8,25nm,84.28%
08/10/2023,Chromium,9.00%,50.00%,2,600nm,82.88%
08/11/2023,Chromium,15.00%,18.00%,0.82,10nm,82.79%
08/11/2023,Gold,42.00%,69.00%,0.94,20nm,82.45%
08/15/2023,Chromium,n/a,8.50%,0.3,5nm,n/a
08/15/2023,Titanium,n/a,27.50%,0.5,25nm,98.46%
08/15/2023,Gold,43.00%,60.00%,0.4,25nm,98.12%
08/16/2023,Titanium,24.00%,45.00%,0.41,10nm,97.93%
08/16/2023,Gold,60.00%,n/a,n/a,100nm,n/a
08/18/2023,Chromium,6.00%,10.00%,0.80,30nm,97.73%
08/18/2023,Silver,34.00%,23.00%,0.7,100nm,97.17%
08/18/2023,Chromium,9.00%,13.00%,0.5,20nm,n/a
08/18/2023,Gold,60.00%,n/a,n/a,n/a,n/a
08/18/2023,Chromium,15.00%,18.40%,0.5,30nm,96.79%
08/18/2023,Gold,58.30%,86.00%,1,n/a,96.33%
08/20/2023,Gold,27.00%,49.00%,1,60nm,95.33%
08/21/2023,Titanium,18.00%,29.00%,0.1,2nm,95.30%
08/21/2023,Geranium,31.00%,86.50%,0.55,100nm,94.74%
08/21/2023,Chromium,13.00%,13.50%,0.3,5nm,94.56%
08/21/2023,Titanium,n/a,30.00%,0.3,5nm,94.36%
08/21/2023,Platinum,16.00%,35.00%,0.3,50nm,93.54%
08/22/2023,Titanium,18.00%,26.00%,0.12,2nm,93.51%
08/22/2023,Platinum,15.00%,29.60%,0.56,100nm,91.67%
08/23/2023,Gold,42.00%,78.00%,1.12,38nm,89.92%
08/23/2023,Titanium,22.00%,29.00%,0.3,10nm,89.86%
08/23/2023,Platinum,42.00%,64.50%,1,100nm,97.14%
08/23/2023,Chromium,12.00%,16.00%,0.45,10nm,n/a
08/23/2023,Platinum,40.00%,60.00%,0.2,30nm,86.70%
08/24/2023,Chromium,13.50%,14.50%,0.5,30nm,86.56%
08/24/2023,Gold,42.70%,77.80%,1,60nm,85.16%
08/24/2023,Silver,15.00%,17.00%,0.51,38nm,84.87%
08/24/2023,Titanium,18.00%,31.00%,0.41,10nm,84.75%
08/24/2023,Gold,42.00%,71.00%,0.51,100nm,82.95%
08/24/2023,Gold,40.00%,71.60%,1,60nm,82.10%
08/24/2023,Chromium,12.00%,14.60%,0.4,10nm,82.07%
08/24/2023,Platinum,45.00%,64.00%,0.22,30nm,81.61%
08/24/2023,Silver,34.00%,16.00%,0.7,1nm,96.00%
08/28/2023,Chromium,7.00%,7.50%,0.3,5nm,80.58%
08/28/2023,Gold,27.00%,43.70%,1,100nm,78.75%
08/28/2023,Silver,12.00%,13.00%,0.5-1.05,38nm,78.44%
08/29/2023,Gold,28.00%,39.00%,0.6,20nm,78.09%
08/29/2023,Titanium,21.00%,14.70%,0.3,10nm,77.92%
08/29/2023,Platinum,38.00%,58.00%,1,100nm,72.34%
08/30/2023,Titanium,15.00%,16.50%,0.5,25nm,72.20%
08/30/2023,Gold,30.00%,40.00%,0.42,20nm,71.93%
08/31/2023,Chromium,3.50%,9.50%,0.5,10nm,70.55%
08/31/2023,Gold,29.00%,42.20%,0.5,70nm,70.55%
09/05/2023,Chromium,1.00%,2.00%,0.7,5nm,98.19%
09/05/2023,Gold,29.00%,49.60%,1,50nm,97.17%
09/05/2023,Gold,29.00%,43.50%,0.5,25nm,96.77%
09/06/2023,Chromium,1.00%,1.90%,0.5,10nm,96.32%
09/06/2023,Gold,27.00%,44.90%,0.8,40nm,95.54%
09/06/2023,Chromium,2.00%,3.00%,0.5,5nm,95.51%
09/06/2023,Platinum,21.40%,30.10%,0.5,8nm,95.33%
09/06/2023,Chromium,1.00%,2.00%,0.5,10nm,95.23%
09/06/2023,Silver,34.00%,16.00%,0.8,25nm,94.74%
09/07/2023,Silver,12.00%,12.70%,0.5-0.7,38nm,94.37%
09/07/2023,Chromium,9.00%,10.50%,0.8-1.2,50nm,94.12%
09/07/2023,Titanium,13-15%,16.00%,0.43,25nm,93.94%
09/07/2023,Gold,31.00%,40.00%,0.4,25nm,93.50%
09/08/2023,Chromium,8.00%,13.00%,0.5,100nm,93.14%
09/08/2023,Chromium,1.50%,0.90%,0.7,6nm,93.10%
09/08/2023,Silver,12.00%,16.00%,0.9,80nm,92.56%
09/08/2023,Chromium ,13.00%,15.00%,0.35,5nm,92.24%
09/08/2023,Titanium,12.00%,17.00%,0.5,20nm,92.46%
09/08/2023,Gold,31.00%,43.50%,0.65,20nm,92.17%
09/11/2023,Silver,25.00%,2.00%,0.6,100nm,91.00%
09/11/2023,Gold,30.00%,39.00%,0.45,20nm,90.65%
09/12/2023,Chromium,2.00%,10.20%,0.8,6nm,89.02%
09/12/2023,Silver,14.00%,16.00%,0.9,70nm,88.51%
09/12/2023,Chromium,10.00%,14.20%,0.28,5nm,n/a
09/12/2023,Chromium,13.00%,14.50%,0.35,5nm,87.91%
09/12/2023,Titanium,12.00%,18.00%,0.6,20nm,87.83%
09/12/2023,Gold,30.00%,45.00%,0.78,20nm,87.51%
09/13/2023,Titanium,16.00%,17.00%,0.5,10nm,86.04%
09/13/2023,Gold,32.00%,46.3-48%,1,100nm,84.57%
09/14/2023,Gold,31.00%,44.00%,0.79,20nm,84.21%
09/15/2023,Chromium,10.80%,14.90%,0.5,30nm,83.30%
09/15/2023,Gold,38.20%,47.80%,1,60nm,82.20%
09/15/2023,Silver,10.00%,11.00%,1,43nm,81.84%
09/15/2023,Titanium,10.00%,13.80%,0.2,10nm,81.75%
09/15/2023,Chromium,12.50%,14.50%,0.3,5nm,81.29%
09/15/2023,Titanium,12.00%,15.00%,0.35,20nm,81.21%
09/15/2023,Gold,32.00%,40.00%,0.4,20nm,80.86%
09/15/2023,Gold,33.00%,42.00%,0.44,15nm,80.60%
09/16/2023,Chromium,10.80%,15.10%,0.5,30nm,80.46%
09/16/2023,Gold,30.20%,48.20%,1,60nm,79.05%
09/19/2023,Chromium,10.00%,16.20%,0.5,15nm,78.72%
09/19/2023,Gold,30.10%,40.70%,1,40nm,78.56%
09/19/2023,Chromium,10.50%,17.30%,0.5,10nm,78.28%
09/19/2023,Titanium,11.00%,14.30%,0.3,10nm,78.13%
09/19/2023,Platinum,17.00%,58.00%,1,100nm,70.09%
09/19/2023,Gold,32.00%,38.00%,0.25,20nm,69.81%
09/20/2023,Silver,8.50%,50.60%,0.5,50nm,68.50%
09/20/2023,Silver,29.00%,48.20%,1,60nm,68.28%
09/20/2023,Gold,28.00%,46.80%,1,60nm,67.30%
09/20/2023,Chromium,11.00%,15.00%,0.23,5nm,67.29%
09/20/2023,Titanium,11.00%,16.00%,0.5,25nm,67.20%
09/20/2023,Gold,30.00%,43.00%,0.42,25nm,66.89%
09/21/2023,Chromium,10.00%,15.00%,0.21,5nm,66.83%
09/21/2023,Gold,27.00%,48.30%,0.99,40nm,65.82%
09/28/2023,Chromium,n/a,4.00%,0.3,5nm,98.14%
09/28/2023,Titanium,10.50%,15.50%,0.55,20nm,98.06%
09/28/2023,Gold,31.00%,48.00%,0.63,20nm,n/a
10/05/2023,Chromium,1.20%,2.60%,0.5,10nm,97.68%
10/05/2023,Gold,33.10%,49.10%,1.1,40nm,97.15%
10/05/2023,Chromium,1.50%,2.30%,0.24,5nm,n/a
10/05/2023,Titanium,11.00%,15.00%,0.47,20nm,96.82%
10/05/2023,Gold,32.00%,42.00%,0.5,20nm,96.50%
10/05/2023,Geranium,15.00%,23-24%,0.3,10+10+5+2,n/a
10/05/2023,Aluminum Oxide,2.00%,5.5-8.8%,0.3,30+15+6,n/a
10/06/2023,Gold,32.00%,44.70%,1,60nm,95.12%
10/06/2023,Chromium,0.90%,2.20%,0.3,8nm,95.08%
10/06/2023,Silver,13.00%,18.00%,0.5,110nm,94.33%
10/06/2023,Aluminum Oxide,2.00%,11-24%,0.3,15nm,94.27%
10/06/2023,Geranium,12.00%,21-24%,0.3,8nm,n/a
10/06/2023,Silver,9-11%,9-12%,0.3,70nm,93.25%
10/07/2023,Chromium,5.80%,6.70%,0.5,30nm,93.05%
10/07/2023,Gold,30.10%,45.40%,1,60nm,91.95%
10/07/2023,Geranium,12.00%,23-23.5%,0.3,6nm,n/a
10/07/2023,Silver,10.00%,10.10.5%,0.3,35nm,n/a
10/07/2023,Aluminum Oxide,3.00%,10-13.1%,0.3,18nm,91.30%
10/08/2023,Gold,30.00%,46.50%,1.6,500nm,84.13%
10/08/2023,Gold,30.00%,40.00%,0.5,20nm,83.77%
10/10/2023,Geranium,11.00%,23.50%,0.35,5nm,n/a
10/10/2023,Silver,6.00%,11.60%,0.65,100nm,82.81%
10/10/2023,Aluminum Oxide,3.00%,11-12%,0.3,5nm,82.78%
10/11/2023,Chromium,6.00%,8.80%,0.3,5nm,82.74%
10/11/2023,Titanium,10.00%,15.00%,0.4,20nm,82.66%
10/11/2023,Gold,30.00%,40.00%,0.45,25nm,82.33%
10/13/2023,Chromium,0.90%,2.20%,0.3,6nm,98.39%
10/13/2023,Silver,16.00%,18.00%,0.5,100nm,97.64%
10/13/2023,Chromium,0.90%,5.50%,0.3,5nm,97.58%
10/13/2023,Platinum,13.00%,40.20%,0.2,8nm,97.49%
10/16/2023,Silver,8.20%,11.00%,0.5,100nm,96.06%
10/17/2023,Chromium,0.90%,5.50%,0.3,5nm,96.03%
10/17/2023,Silver,16.00%,18.00%,0.5,100nm,95.30%
10/19/2023,Gold,28.00%,40.00%,0.5,20nm,94.89%
10/19/2023,Titanium,8.00%,13.30%,0.3,10nm,91.20%
10/19/2023,Platinum,40.00%,56.00%,1,100nm,90.07%
10/22/2023,Chromium,5.00%,8.00%,0.1,5nm,90.06%
10/22/2023,Platinum,8.50%,15.00%,0.5,20nm,89.97%
10/22/2023,Gold,28.00%,45.00%,0.4,22nm,89.64%
10/23/2023,Gold,28.00%,37.00%,0.3,22nm,89.30%
10/24/2023,Chromium,1.00%,8.00%,0.3,5nm,89.27%
10/24/2023,Gold,30.00%,51.00%,1,100nm,87.83%
10/24/2023,Titanium,11.00%,13.50%,0.3,10nm,87.69%
10/24/2023,Chromium,7.00%,10.00%,0.2,7nm,87.65%
10/24/2023,Titanium,11.00%,14.00%,0.35,20nm,87.57%
10/24/2023,Gold,29.00%,40.00%,0.4,24nm,87.24%
10/27/2023,Gold,28.00%,45.30%,1,1nm,85.85%
10/27/2023,Titanium,9.00%,12.50%,0.35,n/a,85.77%
10/27/2023,Chromium,1.00%,7.00%,0.2,n/a,85.70%
10/27/2023,Chromium,4.00%,8.00%,0.3,5nm,85.67%
10/27/2023,Titanium,9.00%,14.00%,0.45,20nm,85.60%
10/27/2023,Gold,30.00%,40.00%,0.44,20nm,85.30%
10/28/2023,Chromium,6.00%,8.00%,0.06,2.5nm,84.72%
10/28/2023,Geranium,12.00%,30.70%,5-15,700-780nm,84.57%
10/28/2023,Geranium,2.00%,33.30%,5,560nm,79.32%
10/28/2023,Gold,n/a,n/a,n/a,n/a,78.37%
10/29/2023,Geranium,12.00%,27.00%,2,100nm,77.85%
10/30/2023,Geranium,12.00%,17.60%,0.05,2nm,77.66%
10/30/2023,Gold,10.30%,8.60%,0.1,40nm,77.62%
10/30/2023,Gold,26.00%,34.00%,0.12,50nm,77.36%
10/30/2023,Silver,9.00%,11.50%,0.5,40nm,n/a
10/30/2023,Gold,26.00%,36.00%,0.2,20nm,76.08%
10/31/2023,Chromium,10.00%,12.00%,0.2,5nm,76.06%
10/31/2023,Titanium,10.00%,14.00%,0.4,20nm,75.96%
10/31/2023,Gold,28.00%,40.00%,0.47,20nm,75.68%
10/31/2023,Titanium,9.00%,15.00%,0.5,20nm,75.58%
10/31/2023,Gold,28.00%,36.00%,0.25,40nm,75.02%
11/01/2023,Chromium,9.00%,12.00%,0.23-0.16,5nm,74.21%
11/01/2023,Gold,26.00%,45.50%,1.01,40nm,73.09%
11/01/2023,Gold,28.00%,39.00%,0.5,20nm,72.81%
11/02/2023,Chromium,0.90%,2.20%,0.3,5nm,72.79%
11/02/2023,Gold,30.00%,51.00%,0.5,100nm,71.49%
11/02/2023,Chromium,9.30%,15.20%,0.5,10nm,71.37%
11/02/2023,Gold,28.00%,41.80%,0.5,70nm,70.10%
11/02/2023,Silver,9.00%,12.50%,0.62,38nm,89.08%
11/03/2023,Chromium,14.00%,16.30%,0.5,10nm,69.71%
11/03/2023,Gold,32.00%,44.50%,0.5,100nm,68.38%
11/04/2023,Gold,25.00%,37.00%,0.32,15nm,68.19%
11/05/2023,Chromium,8.00%,15.00%,0.2,5nm,n/a
11/05/2023,Titanium,n/a,15.00%,0.43,20nm,68.09%
11/05/2023,Gold,28.00%,40.00%,0.4,20nm,67.80%
11/07/2023,Gold,30.00%,47.00%,1,60nm,97.34%
11/07/2023,Chromium,6.00%,8.00%,0.3,3nm,97.30%
11/07/2023,Gold,31.00%,39.00%,0.4,20nm,97.00%
11/08/2023,Chromium,10.00%,10.00%,0.75,7.5nm,96.99%
11/08/2023,Gold,35.00%,39.00%,0.75,50nm,96.29%
11/09/2023,Chromium,11.00%,0.12%,0.5,5nm,96.18%
11/09/2023,Platinum,21.00%,38.00%,0.5,9nm,96.12%
11/09/2023,Chromium,7.00%,10.50%,0.22,6nm,96.08%
11/09/2023,Platinum,10.00%,14.50%,0.42,20nm,95.99%
11/09/2023,Gold,31.00%,39.00%,0.4,40nm,95.39%
11/09/2023,Chromium,7.30%,12.50%,0.5,10nm,95.31%
11/09/2023,Gold,28.00%,39.00%,0.5,100nm,93.55%
11/10/2023,Chromium,12.00%,15.00%,0.3,5nm,93.48%
11/10/2023,Gold,31.00%,9.20%,0.4,102nm,92.02%
11/10/2023,Titanium,12.00%,15.00%,0.53,10nm,n/a
11/10/2023,Gold,30.00%,45.00%,1,100nm,90.38%
11/13/2023,Gold,32.00%,45.00%,1,60nm,88.36%
11/13/2023,Chromium,11.00%,13.57%,0.3,2.5nm,87.55%
11/13/2023,Geranium,12.00%,28.80%,0.3,?,82.43%
11/14/2023,Chromium,9.00%,14.6-35%,8,5nm,82.27%
11/14/2023,Gold,27.00%,45.00%,0.5,65nm,80.65%
11/15/2023,Titanium,9.00%,13.00%,0.25,2nm,80.19%
11/15/2023,?,29.00%,44.00%,0.4-0.15,20nm,79.88%
11/15/2023,Chromium,12.00%,14.00%,0.26,3nm,79.87%
11/15/2023,Gold,30.00%,40.00%,0.55,40nm,79.27%
11/20/2023,Silver,9.00%,11.70%,0.59,40nm,97.63%
11/21/2023,Chromium,8.00%,13.00%,0.5,5nm,97.41%
11/21/2023,Gold,28.00%,46.00%,1,65nm,95.72%
11/24/2023,Gold,32.00%,43.00%,1,60nm,94.76%
11/27/2023,Dilver,9.30%,12.00%,0.65,60nm,94.10%
11/28/2023,Chromium,10.00%,15.20%,0.5,5nm,93.94%
11/28/2023,Gold,28.50%,45.60%,1,65nm,91.21%
11/28/2023,Chromium,14.00%,16.00%,0.3,30nm,91.08%
11/28/2023,Gold,32.00%,46.00%,1,60nm,90.07%
11/29/2023,Gold,28.70%,44.90%,1,135nm,87.38%
11/29/2023,Gold,28.00%,45.30%,1,60nm,86.32%
11/30/2023,Chromium,10.30%,17.00%,0.25,5nm,86.24%
11/30/2023,Gold,29.00%,43.70%,0.5,65nm,84.38%
11/30/2023,Chromium,10.80%,18.00%,0.19,5nm,84.31%
11/30/2023,Gold,28.00%,46.00%,0.95,50nm,83.30%
11/30/2023,Silver,23.00%,14.00%,0.50-0.89,40nm,98.37%
12/02/2023,Silver,16.50%,11.50%,0.42,40nm,98.37%
12/02/2023,Silver,16.50%,11.50%,0.6,40nm,98.37%
12/02/2023,Silver,16.50%,11.50%,0.7,45nm,98.37%
12/02/2023,Silver,16.50%,11.50%,0.7,45nm,98.09%
12/04/2023,Gold,27-28%,44.00%,1,60nm,80.60%
12/04/2023,Geranium,12.00%,27.00%,1.1,50nm,80.33%
12/04/2023,Gold,30.00%,46.50%,0.88,70nm,78.91%
12/05/2023,Chromium,11.00%,20.00%,0.5,10nm,78.81%
12/05/2023,Gold,30.00%,42.00%,0.53,100nm,78.72%
12/05/2023,Chromium,11.00%,21.00%,0.25,5nm,77.16%
12/05/2023,Gold,30.00%,42.40%,0.5,65nm,75.99%
12/08/2023,Chromium,12.00%,25.00%,0.5,6nm,75.64%
12/08/2023,Platinum,25.00%,37.00%,0.5,9nm,n/a
12/10/2023,Chromium,9.00%,25.10%,0.5,30nm,75.05%
12/10/2023,Gold,31.10%,46.40%,1,55nm,13.68%
12/12/2023,Gold,30.00%,46.00%,0.2,50nm,97.80%
12/13/2023,Chromium,9.00%,20.00%,1,5nm,96.61%
12/13/2023,Gold,30.00%,46.80%,1,100nm,94.96%
12/13/2023,Chromium,10.00%,20.00%,1,10nm,94.90%
12/13/2023,Gold,29.00%,45.00%,0.8,40nm,94.17%
12/13/2023,Chromium,15.00%,19.00%,0.5,30nm,94.02%
12/13/2023,Gold,32.00%,46.00%,1,60nm,92.98%
12/13/2023,Gold,29.00%,44.50%,1,60nm,92.04%
12/14/2023,Chromium,15.00%,18.00%,0.3,6nm,92.02%
12/14/2023,Gold,30.00%,51.50%,1.9,150nm,89.99%
12/14/2023,Silver,9.20%,12.20%,0.57,60nm,89.90%
12/19/2023,Titanium,10.00%,14.00%,0.4,5nm,89.22%
12/19/2023,Gold,32.00%,45.00%,1,20nm,89.09%
12/20/2023,Chromium,17.00%,24.00%,1,50nm,88.59%
12/21/2023,Gold,27.00%,45.40%,1,60nm,87.39%
12/21/2023,Titanium,10.00%,13.00%,0.3,5nm,87.36%
12/21/2023,Gold,30.00%,42.50%,0.5,60nm,86.35%
12/24/2023,Gold,30.00%,60.00%,0.9,100nm,84.24%
12/26/2023,Chromium,13.00%,17.00%,0.9,5nm,84.22%
12/26/2023,Gold,30.00%,49.50%,0.9,200nm,81.48%
12/27/2023,Silver,8.40%,12.00%,0.5,60nm,81.01%
12/29/2023,Silver,9.00%,12.50%,0.59,40nm,80.88%
01/03/2024,Silver,8.10%,12.00%,0.5,100nm,n/a
01/09/2024,Silver,8.10%,13.30%,0.85,30nm,n/a
01/09/2024,Gold,30.00%,51.00%,1.39,100nm,77.67%
01/10/2024,Chromium,10.30%,21.30%,0.2,5nm,77.66%
01/10/2024,Chromium,11.00%,24.00%,0.35,3nm,n/a
01/10/2024,Gold,30.00%,49.00%,1.08,30nm,n/a
01/11/2024,Gold,30.00%,69.50%,1.03,50nm,76.99%
01/11/2024,Gold,31.00%,49.30%,1.09,30nm,74.46%
01/11/2024,Platinum,13.00%,55.90%,0.4,30nm,74.20%
01/12/2024,Chromium,12.00%,20.50%,0.3,5nm,74.19%
01/12/2024,Gold,30.00%,49.50%,0.89,200nm,71.58%
01/16/2024,Chromium,9.00%,27.00%,0.5,10nm,n/a
01/16/2024,Gold,33.00%,55.00%,2,60nm,n/a
01/17/2024,Titanium,9.00%,12.20%,0.21,5nm,69.85%
01/18/2024,Titanium,9.00%,12.30%,0.3,5nm,98.05%
01/18/2024,Gold,27.00%,48.00%,0.75,35nm,97.35%
01/19/2024,Titanium,9.00%,11.60%,0.26,5nm,n/a
01/19/2024,Platinum,31.00%,47.00%,0.2,5nm,96.71%
01/20/2024,Gold,30.00%,68.00%,1.05,100nm,94.69%
01/23/2024,Titanium,9.00%,12.00%,0.25,7nm,94.62%
01/23/2024,Platinum,35.00%,50.10%,0.23,34nm,93.63%
01/23/2024,Silver,8.50%,14.00%,1,100nm,92.97%
01/23/2024,Titanium,9.00%,13.00%,0.3,5nm,92.94%
01/23/2024,Gold,30.00%,47.00%,1,35nm,92.40%
01/24/2024,Platinum,35.00%,54.60%,0.33,86.6nm,91.14%
01/24/2024,Titanium,8.10%,13.60%,0.22,5nm,91.08%
01/24/2024,Platinum,35.50%,55.00%,0.19,10nm,90.84%
01/24/2024,Titanium,9.50%,13.70%,0.22,10nm,90.79%
01/24/2024,Platinum,34.30%,56.00%,0.19,10nm,90.49%
01/25/2024,Chromium,2.00%,7.00%,0.2,7nm,90.41%
01/25/2024,Gold,30.00%,52.10%,1.08,120nm,87.61%
01/26/2024,Silver,10.00%,13.00%,0.5,100nm,86.91%
01/26/2024,Chromium,9.60%,9.00%,0.21,15nm,86.80%
01/26/2024,Gold,30.00%,52.00%,1,55nm,85.24%
01/28/2024,Gold,30.00%,48.00%,0.6,30nm,84.57%
01/29/2024,Titanium,10.00%,15.00%,0.35,5nm,84.53%
01/29/2024,Gold,30.00%,50.00%,1,25nm,84.13%
01/31/2024,Titanium,9.00%,12.00%,0.25,7nm,82.58%
01/31/2024,Silver,14.00%,25.00%,0.8,100nm,n/a
02/01/2024,Chromium,10.00%,18.00%,0.95,170nm,81.88%
02/01/2024,Gold,27.00%,42.00%,0.6,20nm,81.19%
02/02/2024,Titanium,8.00%,13.20%,0.3,5nm,81.42%
02/02/2024,Gold,30.00%,42.00%,0.7,30nm,80.63%
02/02/2024,Silver,9.00%,15.00%,1,100nm,n/a
02/06/2024,Chromium,8.00%,6.50%,0.81,9nm,98.00%
02/06/2024,Gold,38.00%,40.00%,0.1-0.42,100nm,96.97%
02/06/2024,Silver,10.00%,13.00%,0.59,38nm,96.21%
02/07/2024,Silver,10.00%,14.00%,0.66,40nm,95.60%
02/07/2024,Silver,10.50%,14.00%,0.7,60nm,95.36%
02/07/2024,Chromium,4.00%,15.00%,0.5,15nm,n/a
02/07/2024,Gold,27.00%,43.00%,1,55nm,93.84%
02/09/2024,Silver,9.00%,13.70%,0.6,40nm,93.38%
02/09/2024,Silver,9.60%,13.70%,0.58,60nm,92.98%
02/09/2024,Titanium,8.00%,12.60%,0.3,5nm,92.95%
02/09/2024,Gold,25.00%,42.00%,0.85,50nm,92.09%
02/14/2024,Chromium,12.00%,25.00%,0.7,10nm,n/a
02/14/2024,Gold,25.00%,45.00%,1.3,60nm,n/a
02/14/2024,Silver,8.30%,13.60%,0.5,40nm,89.30%
02/15/2024,Silver,8.20%,13.06%,0.52,60nm,n/a
02/15/2024,Chromium,15.00%,26.00%,0.5,5nm,89.26%
02/15/2024,Gold,27.00%,43.50%,1,50nm,87.84%
02/16/2024,Titanium,7.00%,12.90%,0.36,5nm,87.81%
02/16/2024,Gold,26.00%,43.20%,0.97,50nm,86.99%
02/16/2024,Silver,8.40%,13.60%,0.48,40nm,86.59%
02/16/2024,Titanium,9.40%,11.50%,0.23,10nm,86.53%
02/16/2024,Platinum,31.00%,43.20%,0.14,10nm,86.25%
02/20/2024,Chromium,15.00%,27.00%,0.53,10nm,86.19%
02/20/2024,Gold,28.00%,40.00%,0.5,100nm,84.44%
02/21/2024,Silver,20.00%,15.00%,0.7,100nm,83.73%
02/22/2024,Titanium,8.00%,13.20%,0.32,5nm,83.70%
02/22/2024,Gold,30.00%,37.50%,0.35,40nm,83.12%
02/22/2024,Silver,8.00%,14.10%,1,100nm,82.42%
02/22/2024,Chromium,12.00%,36.00%,1.2,170nm,81.66%
02/22/2024,Gold,30.00%,45.00%,1.08,20nm,81.12%
02/23/2024,Silver,10.40%,14.00%,0.5,100nm,81.00%
02/27/2024,Chromium,15.00%,28.00%,0.2,5nm,80.34%
02/27/2024,Platinum,31.00%,44.20%,0.1,9nm,80.26%
02/27/2024,Silver,8.10%,13.70%,0.6,40nm,79.90%
02/28/2024,Silver,0.40%,14.00%,0.7,100nm,77.77%
02/29/2024,Silver,8.10%,13.70%,n/a,40nm,77.43%
02/29/2024,Titanium,8.00%,14.00%,0.3,5nm,77.39%
02/29/2024,Gold,30.00%,36.00%,0.45,40nm,76.85%
02/29/2024,Silver,8.50%,14.00%,0.8,100nm,76.20%
03/01/2024,Silver,0.50%,14.00%,0.6,100nm,73.10%
03/01/2024,Chromium,17.10%,45.00%,0.9,10nm,n/a
03/01/2024,Gold,24.00%,45.00%,1.5,50nm,n/a